Model,Accuracy,AUC,Precision,Recall,F1,MCC
Logistic Regression,0.901249585314608,0.9055740146044154,0.6444833625218914,0.34782608695652173,0.4518109269490485,0.42605817794513523
Decision Tree,0.8745991374543846,0.7014571863832587,0.46487985212569316,0.47542533081285443,0.4700934579439252,0.39902087033749317
KNN,0.898595598805706,0.8500265147434996,0.6256684491978609,0.33175803402646503,0.4336009882643607,0.4070073583293771
Naive Bayes,0.8548048214088245,0.8100945416322902,0.4059040590405904,0.5198487712665406,0.45586406962287607,0.37735837569864067
Random Forest,0.9073316377308416,0.9290977411569188,0.6697530864197531,0.4102079395085066,0.5087924970691676,0.47779682454933464
XGBoost,0.9103173725533562,0.9333725925145564,0.6597671410090556,0.4820415879017013,0.5570726379027854,0.5162802594029089
