Model,Accuracy,AUC,Precision,Recall,F1,MCC
Logistic Regression,0.901249585314608,0.9055740146044154,0.6444833625218914,0.34782608695652173,0.4518109269490485,0.42605817794513523
Decision Tree,0.8745991374543846,0.7014571863832587,0.46487985212569316,0.47542533081285443,0.4700934579439252,0.39902087033749317
KNN,0.898595598805706,0.8500265147434996,0.6256684491978609,0.33175803402646503,0.4336009882643607,0.4070073583293771
Naive Bayes,0.8548048214088245,0.8100945416322902,0.4059040590405904,0.5198487712665406,0.45586406962287607,0.37735837569864067
Random Forest,0.900807254229791,0.9269770943392206,0.7205479452054795,0.2485822306238185,0.3696416022487702,0.3851084859514131
XGBoost,0.9108702864093774,0.9343684341978638,0.6662269129287599,0.4773156899810964,0.5561674008810573,0.5168625954020712
