Model,Accuracy,AUC,Precision,Recall,F1,MCC
Logistic Regression,0.901249585314608,0.9055740146044154,0.6444833625218914,0.34782608695652173,0.4518109269490485,0.42605817794513523
Decision Tree,0.8745991374543846,0.7014571863832587,0.46487985212569316,0.47542533081285443,0.4700934579439252,0.39902087033749317
KNN,0.898595598805706,0.8500265147434996,0.6256684491978609,0.33175803402646503,0.4336009882643607,0.4070073583293771
Naive Bayes,0.8548048214088245,0.8100945416322902,0.4059040590405904,0.5198487712665406,0.45586406962287607,0.37735837569864067
Random Forest,0.8586752184009732,0.9222556944554594,0.4444444444444444,0.831758034026465,0.5793285055957867,0.5394018130021944
XGBoost,0.9078845515868628,0.9322549487282985,0.6591230551626591,0.44045368620037806,0.5280453257790368,0.4912060577271922
